2021-05-22 22:58 ~ lizasurguladze ~ 184057041,
2021-05-22 22:59 ~ body_earth_mind ~ 7075432812,
2021-06-03 18:14 ~ doc_t2 ~ 45320452772,
2021-06-03 20:12 ~ nikusha.ts ~ 27881075465,
2021-06-03 22:24 ~ kakuli__chikovani ~ 5620202762,
2021-06-03 22:26 ~ avtobuach ~ 8525417178,
2021-06-03 22:28 ~ mishka_kavrelishvili ~ 1586387880,
2021-06-03 22:29 ~ gabri.sanmartin ~ 326616477,
2021-06-03 22:29 ~ maiamikadze64 ~ 2011568596,
2021-06-03 23:14 ~ nikkortava ~ 7232623956,
2021-06-04 16:17 ~ mishoramisha ~ 1666884518,
2021-06-04 16:18 ~ anukako ~ 243908512,
2021-06-04 18:15 ~ ekabarbakadze4 ~ 2050478885,
2021-06-04 18:19 ~ giunashvili15 ~ 861796735,
2021-06-04 18:20 ~ _swamp___ ~ 45147105345,
2021-06-04 19:07 ~ finesse.da.finnesser ~ 19683498417,
2021-06-04 20:05 ~ vince._.lx ~ 8585283796,
2021-06-04 20:08 ~ lelagurgenize ~ 3159200306,
2021-06-04 20:10 ~ makoakhvlediani ~ 3087387478,
2021-06-05 12:14 ~ kaxamestvirishvili ~ 44980199326,
2021-06-05 12:15 ~ l_maia_ ~ 5466841916,
2021-06-05 12:17 ~ giorgigordiashvili ~ 274824707,
2021-06-05 12:19 ~ lashatevdoradze74 ~ 37256098135,
2021-06-05 12:19 ~ tika.psuturi ~ 2357547262,
2021-06-05 12:20 ~ mariammirabella ~ 214034054,
2021-06-05 13:15 ~ l_m1keladze ~ 33673527114,
2021-06-05 13:18 ~ ketibeciashvili ~ 34683528404,
2021-06-05 13:19 ~ takopipia4 ~ 8985191779,
2021-06-05 13:21 ~ mari.mepharishvili ~ 2257969241,
2021-06-05 14:06 ~ diekleinebrand ~ 45565060769,
2021-06-05 14:09 ~ princesagaiaa ~ 308906699,
2021-06-05 15:15 ~ shakotedoradze2 ~ 29860573151,
2021-06-05 16:07 ~ mawhoorr ~ 47283079380,
2021-06-05 16:08 ~ __tkma__ ~ 271888127,
2021-06-05 16:12 ~ mikautadzek ~ 2044677986,
2021-06-05 17:06 ~ aleksandrekakabaze ~ 8502708889,
2021-06-05 17:07 ~ niniigelashvilii ~ 4298015676,
2021-06-06 02:28 ~ mariam_alasania ~ 1796380141,
2021-06-06 02:29 ~ ts.mashaa ~ 19583211315,
2021-06-06 03:08 ~ kotejanjgava ~ 699667511,
2021-06-06 03:10 ~ zukaa3 ~ 1479379942,
2021-06-06 03:12 ~ megichkh ~ 37314096285,
2021-06-06 18:31 ~ luke_lukkaa ~ 3117128162,
2021-06-06 18:34 ~ xatunalomsadze ~ 2194694875,
2021-06-06 19:02 ~ nugzardadesxeliani ~ 23334583439,
2021-06-06 19:03 ~ vampire_nakatatsu_minuit ~ 7281372258,
2021-06-06 20:02 ~ xs.a30 ~ 13201120982,
2021-06-07 00:53 ~ wweizisong ~ 8121580780,
2021-06-07 16:06 ~ comestaidovevai ~ 1141144822,
2021-06-07 20:05 ~ sheldor.t.c ~ 5667644236,
2021-06-07 22:08 ~ faliani01 ~ 4394355632,
2021-06-08 10:38 ~ bukaldo_reborn ~ 44692184553,
2021-06-09 12:51 ~ annnietta1 ~ 771601399,
2021-06-09 12:54 ~ camitmedical ~ 10130463242,
2021-06-09 13:04 ~ ketizhvelia ~ 507510112,
2021-06-09 13:06 ~ annaegnatashvili ~ 3599499833,
2021-06-10 18:15 ~ tianshani_ ~ 46820473915,
2021-06-10 18:18 ~ vallner_fashionhouse ~ 4315161080,
2021-06-10 19:10 ~ thathoopervibe ~ 44609885343,
2021-06-10 19:15 ~ bybydr123 ~ 9012684971,
2021-06-11 20:33 ~ leonard__fnk ~ 39447833631,
2021-06-11 20:33 ~ lizikalandadzee ~ 1193448800,
2021-06-11 21:07 ~ nickgfrin ~ 45992207521,
2021-06-11 21:10 ~ angela.s.baby ~ 19334735520,
2021-06-11 22:20 ~ alex__chadunelli ~ 47916113265,
2021-06-11 22:22 ~ wizen_film_cameras ~ 47556787728,
2021-06-15 14:27 ~ rusa_mirotadze ~ 1642466072,
2021-06-15 14:29 ~ adamvc83 ~ 391097338,
2021-06-15 15:12 ~ nutsaakobakhidze ~ 7965162963,
2021-06-15 16:25 ~ gvancuniko ~ 655085280,
2021-06-15 17:04 ~ g.chikoo12 ~ 47408278403,
2021-06-15 17:07 ~ surgulaa ~ 20029473992,
2021-06-15 18:18 ~ yaraulashvilidea ~ 5990779894,
2021-06-15 20:07 ~ mariamshubitidze13 ~ 47313763594,
2021-06-15 20:08 ~ mutiny19 ~ 44280453882,
2021-06-15 21:16 ~ maaarmaid ~ 1503860936,
2021-06-16 00:01 ~ parliamentab ~ 6620939445,
2021-06-16 00:43 ~ ketunalukashvili ~ 898421008,
2021-06-16 00:44 ~ yenhathebully ~ 4706921243,
2021-06-16 01:05 ~ irakli1001 ~ 980155449,
2021-06-16 01:08 ~ regie7172 ~ 490312693,
2021-06-16 01:15 ~ tin_tinano ~ 312769239,
2021-06-16 01:16 ~ fofxadzesaba ~ 7411633101,
2021-06-16 02:08 ~ tsiriko_1501 ~ 4172989720,
2021-06-16 02:09 ~ batumicolors ~ 45464573072,
2021-06-16 02:10 ~ narnarka ~ 3628972265,
2021-06-16 02:12 ~ rezikokhukhunaishvili ~ 4506852079,
2021-06-16 03:03 ~ nikalursmanashvili_27 ~ 6539903972,
2021-06-16 03:10 ~ tatiaqometiani ~ 439609834,
2021-06-16 03:19 ~ beriatamar ~ 1770138503,
2021-06-16 03:20 ~ benedictem2505 ~ 3158987958,
2021-06-16 04:08 ~ antadzeekaterine ~ 47713683821,
2021-06-17 00:01 ~ giorgiebralidze11 ~ 7154048559,
2021-06-18 00:22 ~ purel_ius ~ 32685179624,
2021-06-18 00:23 ~ bark.lampshade ~ 14260831633,
2021-06-18 01:11 ~ bionisamp ~ 3223997339,
2021-06-18 01:12 ~ ldarbaidze ~ 2247641749,
2021-06-18 02:07 ~ levanmoseshvili5 ~ 9139149081,
2021-06-18 02:08 ~ laschwill ~ 7659472931,
2021-06-18 03:20 ~ gabriel.xot17 ~ 6439802338,
2021-06-18 12:10 ~ nodochimaru ~ 41394791304,
2021-06-18 14:21 ~ maya_why2 ~ 49211943,
2021-06-18 14:22 ~ kkkkketo ~ 1604228448,
2021-06-18 15:02 ~ sallllo_oo ~ 3230522688,
2021-06-19 14:14 ~ sali_kartozia ~ 44280057071,
2021-06-19 14:15 ~ gruzin.hellokitty ~ 45463596284,
2021-06-19 15:10 ~ call_me_90__ ~ 32269870341,
2021-06-19 15:12 ~ sannyschulte ~ 241961384,
2021-06-19 16:03 ~ marco__signor ~ 584327814,
2021-06-19 16:05 ~ anaberelashvili ~ None,
2021-06-19 17:05 ~ m7khabaza ~ 414251110,
2021-06-19 17:07 ~ etynurlety ~ 48010240178,
2021-06-19 18:15 ~ iphotographer_berlin ~ 46463828700,
2021-06-19 18:16 ~ om_ar__51 ~ 48487500976,
2021-06-19 19:11 ~ tbilisimed ~ 39898899295,
2021-06-20 14:27 ~ ugu_gaga_man ~ 6086252293,
2021-06-20 14:28 ~ lizachlaidze ~ 2087754563,
2021-06-20 15:05 ~ mcxg_ ~ 1403414640,
2021-06-21 09:48 ~ nikolo_khujadze ~ 791304195,
2021-06-21 09:51 ~ instrumentosoftalmologicos ~ 27394605897,
2021-06-21 09:56 ~ tinnalooksataurrora ~ 6218468116,
2021-06-21 10:03 ~ algolid ~ 17179973,
2021-06-21 10:10 ~ chakragaadzre ~ 34174653565,
2021-06-21 10:12 ~ vatobotsvadze ~ 1367933180,
2021-06-21 11:08 ~ giorgigaprindashvili ~ 420405134,
2021-06-21 11:09 ~ maikomishel ~ 22184582231,
2021-06-21 11:21 ~ chriscrashdrums ~ 1985786154,
2021-06-21 11:22 ~ nutsabaga ~ 47303529066,
2021-06-22 00:19 ~ gvasaliairina ~ 1902124377,
2021-06-22 00:24 ~ mariamcconnell__ ~ 4125901807,
2021-06-22 23:16 ~ kkx_caro ~ 5515614771,
2021-06-22 23:18 ~ archivve.e ~ 378127039,
2021-06-23 00:33 ~ sloth__graff ~ 2285747859,
2021-06-23 13:04 ~ georgian_bad_trip ~ 5333543644,
2021-06-23 18:07 ~ ketatoi ~ 6149923416,
2021-06-23 18:08 ~ photographer_nude_art ~ 8637170257,
2021-06-23 20:25 ~ nika.gam ~ 47826231847,
2021-07-25 00:47 ~ _m_mmaria ~ 8532692553,
2021-07-25 00:49 ~ fluffernutzer ~ 4363570121,
2021-07-25 01:21 ~ shotaskhiladze ~ 7709289143,
2021-07-25 01:26 ~ sofii_ivanidze ~ 4355495452,
2021-07-28 17:56 ~ imaadazmie ~ 1360427180,
2021-07-28 17:56 ~ prince_soman17 ~ 3413736943,
2021-07-28 18:01 ~ irina_machavariani ~ 5931222297,
2021-07-28 21:11 ~ robmaskedos ~ 1420467757,
2021-07-28 21:24 ~ edoavakyan ~ 1438051792,
